Outlet_ID,outlettype,sales_1,sales_2,intrial,staff_turnover
7cbc,community_convenience,6484254.896253103,6439510.405942638,TRUE,0.0011085759669419218
rd0E,community_convenience,7096007.326458655,7345761.734351553,TRUE,0
fVhX,community_convenience,7823001.245420357,7832001.763410708,TRUE,0.004677148081487031
HvIp,community_convenience,10865259.114046425,10630492.145727033,FALSE,0
HGBE,community_convenience,10825610.85645455,10611860.200568669,FALSE,0.0020586662232424716
JI92,community_convenience,15629309.974849313,16313749.342141831,TRUE,0.0014315707955613476
DoWu,community_convenience,5577459.128355998,5694963.301465714,TRUE,0.0014845012759288863
p2SG,community_convenience,7580760.3071798235,8597155.728849575,TRUE,0
IVBl,community_convenience,5308957.605720312,5523018.912334623,FALSE,0
CGzo,community_convenience,13089081.08567705,13438804.875947723,TRUE,0
YeJc,community_convenience,9640306.635048034,9410215.9251793,FALSE,0.0022663904502372035
KVfU,community_convenience,4996846.07570535,5346665.541620498,TRUE,0.0013366579466178288
Fl4J,community_convenience,8346496.943022043,7958658.602093607,FALSE,0
iV9V,community_convenience,7750724.096748624,7907191.943055248,FALSE,0.00199280010737123
UkAq,community_convenience,12298036.432228073,12722161.547377465,FALSE,0.0025076635342632624
r2J0,community_convenience,13252451.850590065,13986832.885882622,TRUE,0
EhJV,community_convenience,6821443.596787969,7398664.971671497,FALSE,0
3Z7t,community_convenience,14997261.724730896,15483158.996799713,FALSE,0.0051391560569026135
0m5W,community_convenience,12917913.865589455,12913410.508007942,FALSE,0.008808973372447161
N4Jf,community_convenience,12067255.424014587,12145244.493069168,FALSE,0.012514127485090152
vT8X,community_convenience,12178287.061879333,12996190.674021594,TRUE,0
CtOJ,community_convenience,12792315.329791633,12323588.294245092,FALSE,0.0013778862138440805
9tAt,community_convenience,14802055.975475233,16108742.29591602,FALSE,0.00146236920459861
886V,community_convenience,9349609.347260829,10106390.726615373,TRUE,0
I1Jk,community_convenience,11386641.6606664,11620882.42378575,TRUE,0
2ZHC,community_convenience,21892885.401541907,21211047.872256443,FALSE,0.001578202647355399
8K98,community_convenience,7438504.267820607,7398788.940110939,TRUE,0.006973039851984611
R2i6,community_convenience,12291179.706697665,13109093.529561773,TRUE,0
w7Du,community_convenience,6281008.4528969135,6312704.187006276,FALSE,0.002102443282486646
wH7n,community_convenience,11991557.565069282,12360604.360032054,FALSE,0
kuzw,community_convenience,14808594.06208052,14852355.021253012,TRUE,0
UHFV,community_convenience,3430040.482183425,3754558.861246076,TRUE,0.0018536445879491486
UJxd,community_convenience,9157224.12387686,9122964.440011678,TRUE,0.0038848410735713304
7QuT,community_convenience,19740306.47799279,18514463.991997637,FALSE,0.008848981708604953
ubdr,community_convenience,8503384.552358225,7971304.336280706,TRUE,0.002125112043211406
VyKT,community_convenience,6327643.936294055,6570969.122865074,FALSE,0
McjZ,community_convenience,12885044.53820869,13042803.041422717,FALSE,0.0016868948205550867
yZRE,community_convenience,8678621.472968359,8658464.998944951,TRUE,0.005243767677575818
5qEz,community_convenience,16742142.288269417,16641584.468093751,FALSE,0
bzNY,community_convenience,15212254.25585815,15505886.911824046,TRUE,0
QZQD,community_convenience,14152136.293342602,15793360.97585798,TRUE,0.0017793725915643095
5dQ4,community_convenience,6322592.16635499,6783884.928412181,TRUE,0
nKka,community_convenience,12524062.21047866,12756827.851450922,FALSE,0
hQLl,community_convenience,12604635.876714887,12367263.059320828,FALSE,0
QY7I,community_convenience,4240483.174007739,3857333.9465164877,FALSE,0.005667838139125299
TLb4,community_convenience,13512855.450046543,14903669.981655253,TRUE,0
x1qd,community_convenience,12310081.523821784,12640017.999334345,FALSE,0.0028923404681892736
Jkdz,community_convenience,7537878.848263898,7443223.58043339,TRUE,0
7soo,community_convenience,10477042.262850126,10286327.420932733,FALSE,0.0011361989979294044
pjyd,community_convenience,18930733.50383746,20090378.82304405,FALSE,0
eWJl,community_convenience,14093699.098921027,13610296.282915743,FALSE,0.0019696523518248276
WjJP,community_convenience,6808580.976866807,6994905.141763369,FALSE,0.0011609201772781509
CzZH,community_convenience,11550106.494467484,12527096.339353684,TRUE,0.006491261242574491
BkZv,community_convenience,17757107.052134775,18035546.695070863,TRUE,0
dhTq,community_convenience,11338722.603673305,12185458.063592263,TRUE,0.003544425019839757
Q1GK,community_convenience,9411514.248671839,9056342.396231879,TRUE,0.0047433674982000785
8UnK,community_convenience,15525427.58183795,15874948.03026343,FALSE,0
VUnZ,community_convenience,9572699.859821172,9554747.489480624,FALSE,0.0016319975092489005
6oZD,community_convenience,10399055.613548586,11224393.67506801,TRUE,0.0011098209820739507
kJUz,community_convenience,14361609.735038532,14762479.054813204,TRUE,0.0017994746941259524
QFDg,community_convenience,17882387.72562871,17062940.010145634,FALSE,0
yTlZ,community_convenience,8327717.291127592,8598757.247262307,TRUE,0
xnWa,community_convenience,10405261.355566515,10483454.983603003,FALSE,0.0012559514524518216
GH4Y,community_convenience,10974625.072804194,10390337.214756394,FALSE,0
G0aW,community_convenience,14505120.974941945,14062283.241666038,FALSE,0.0021756645153140444
q1bG,community_convenience,16959881.530292876,16467607.157881705,FALSE,0.0018956362418300252
76k0,community_convenience,17541255.18769444,18417700.339353994,FALSE,0
3kMl,community_convenience,10411158.961739214,11379194.015533444,TRUE,0
Nn1V,community_convenience,14644206.723342106,13700554.539593808,FALSE,0.0013946321036880872
oXGL,community_convenience,8163091.311988138,7882802.044786046,FALSE,0
MQum,community_convenience,9319564.543961896,8812846.71860439,FALSE,0.0028852273127114303
jHSH,community_convenience,7074705.4798455285,7460601.862603739,TRUE,0
hoeP,community_convenience,7396891.725906244,7722573.013272747,TRUE,0.00160864103852064
xFbk,community_convenience,13377351.560576493,14353055.744804896,TRUE,0.0010729741754510387
h7dJ,community_convenience,13905970.751058077,14127029.862393655,FALSE,0.007040376677981647
LyXR,community_convenience,12006795.064750941,12248669.512381474,FALSE,0.0014226213489064742
wSBz,community_convenience,8543884.579019235,9142100.857026406,FALSE,0
Ylug,community_convenience,12296552.42266111,12351189.583082592,TRUE,0.0018131437422639607
PP9C,community_convenience,7047946.710709354,6838944.599259246,FALSE,0.0013186115208676766
BPLp,community_convenience,5259783.097197226,5608889.310039162,FALSE,0.002885445020105697
CrO9,community_convenience,9441827.290978983,9316628.00699414,TRUE,0.001629890799261933
LMQB,community_convenience,9758872.204827534,9955910.348680733,FALSE,0.002502526124052653
evjs,community_convenience,7904466.358008865,7973701.061900937,FALSE,0.006098341232021472
xCTN,community_convenience,4483804.255278781,4857503.799080267,TRUE,0.0011653646680301474
N1vP,community_convenience,9714901.900693612,10656632.555092914,TRUE,0
xGWy,community_convenience,13161266.191555802,13576954.629598549,FALSE,0
MJ2f,community_convenience,14101450.633705102,13546184.918300893,FALSE,0
v2Ck,community_convenience,17171867.28007925,18201932.771141984,TRUE,0.001432787715845247
8hzw,community_convenience,11372260.83068026,11275258.922262797,FALSE,0.0020977489280846503
ajUl,community_convenience,19829512.175683346,20616478.456031103,TRUE,0.0012545368038598815
0YSK,community_convenience,12866786.357607996,14112189.916339051,TRUE,0
pyeE,community_convenience,10661034.818950994,10378456.04712882,FALSE,0.002528900760411629
oiyG,community_convenience,4713206.282493124,5119912.71846284,FALSE,0.0032759771387164327
sUIO,community_convenience,20438845.092792332,21378135.381315064,TRUE,0
l6Qe,community_convenience,16462144.37938522,15934982.50722637,FALSE,0
IC06,community_convenience,13534560.266427115,14286782.001866113,TRUE,0
D7gB,community_convenience,15349894.078564493,15402386.804375056,FALSE,0.0012741630237876984
zwgj,community_convenience,15070030.707900152,15371230.738807986,FALSE,0
jeAv,community_convenience,14374328.064899689,13086859.16770324,FALSE,0
ZX1M,community_convenience,14684099.00784855,15340860.227695474,TRUE,0.0013584701539461732
gPkm,community_convenience,15137041.022156687,15522898.033651944,FALSE,0.001231554336527501
ZBl5,community_convenience,8791922.527458735,9408218.752317974,TRUE,0
cPmo,community_convenience,10264788.550339188,10194193.435105456,TRUE,0
xDrP,community_convenience,11645425.097960737,10755595.67284045,FALSE,0.002767270529939626
Vm8P,community_convenience,8224420.277635902,8359048.941013813,FALSE,0
fuL6,community_convenience,19430329.675665125,19847604.239401046,TRUE,0.0010652310248086489
vC3Q,community_convenience,6652858.651264081,6865656.254646818,TRUE,0
LHfm,community_convenience,11734637.495215109,11443668.213624455,TRUE,0
RvGe,community_convenience,8432718.277157132,9030471.553037861,TRUE,0
Nvja,community_convenience,11543250.247271877,12104757.261167118,TRUE,0.0026461675413565083
oskV,community_convenience,11831708.201223966,10992450.400972895,FALSE,0.016679354735317974
zYsd,community_convenience,11048629.029176012,11176960.486479567,TRUE,0.0010439996893066544
c2Fm,community_convenience,1383565.5070600423,1458333.6536391305,TRUE,0.007542418410445664
zxkg,community_convenience,3013614.413597171,2933493.839514523,FALSE,0.013287940240450803
FbZ3,community_convenience,13857259.075389959,13908016.248165725,FALSE,0
NtOW,community_convenience,8099941.4376884,8479870.337797016,TRUE,0.0010635730269428101
ABXO,community_convenience,11571384.625529254,11708125.610320894,TRUE,0
cZ8H,community_convenience,14153149.400803877,13759454.357106006,FALSE,0
0xOy,community_convenience,10620464.34961486,11072237.047519302,TRUE,0.0013737260854661136
VSi8,community_convenience,8707985.103053244,8283062.580175406,FALSE,0.008075821186080842
WYeN,community_convenience,10413326.80360256,11196767.17157096,FALSE,0.009720121131367174
84lh,community_convenience,17222328.04793217,17370628.312079452,FALSE,0.0013240829678577363
l9bl,community_convenience,17035430.12868798,18392557.915001165,FALSE,0.016262559034913915
uJeK,community_convenience,18531529.176946487,18710739.10750025,TRUE,0
b5ba,community_convenience,16807787.088627398,17840370.784146998,TRUE,0
fnr3,community_convenience,5778412.499964781,5688179.816800582,TRUE,0.00313921682385224
fqkp,community_convenience,4945651.438255249,5175478.073875137,TRUE,0
7nMw,community_convenience,11456655.918622402,12302223.591676952,TRUE,0
va6m,community_convenience,10586940.100120882,10302110.942304004,FALSE,0.0028512910373735645
b5eK,community_convenience,6151551.802756287,6447872.83509614,TRUE,0.003360385847043455
pFMv,community_convenience,4514177.287361783,4554087.76867559,TRUE,0.0024421169194167552
Yo22,community_convenience,15839499.767515464,15785870.306028904,TRUE,0
dEFc,community_convenience,17461086.73453995,17026195.88003958,TRUE,0
Pn7z,community_convenience,12176398.799286457,12885677.812102007,TRUE,0.0012516733480073354
eekV,community_convenience,11838006.411837088,11605446.746462006,FALSE,0.0011992594685153344
NbxD,community_convenience,10785035.774202729,11624980.571800739,FALSE,0.012177838857185734
kQps,community_convenience,9470847.752744297,9491203.91185011,FALSE,0.0029877726399686784
yuFD,community_convenience,6435943.903635175,6740769.073864468,TRUE,0
nApy,community_convenience,10490353.908843638,10934295.765378604,TRUE,0.0011401817708886742
U2cp,community_convenience,7569895.689904709,7560054.538800664,FALSE,0.0015853447619879931
9zgr,community_convenience,11910505.43350235,12482707.315694064,FALSE,0
Ernb,community_convenience,13809059.367729947,13456140.405991798,FALSE,0
C3cn,community_convenience,10185844.84921267,10875269.974652095,TRUE,0
CfON,community_convenience,16743109.475390663,16497831.244056417,TRUE,0
3QYo,community_convenience,17479834.440242954,16552465.752615092,FALSE,0.0020462566630469192
p0ZI,community_convenience,15801055.762187885,16773901.029376024,TRUE,0
2MGy,community_convenience,6365747.50164667,6283773.97665141,TRUE,0.00400981648711
wcxs,community_convenience,5944223.758226655,6115110.99681109,TRUE,0.001607074326463228
7aMf,community_convenience,11498960.427654836,10990730.809389673,TRUE,0.0054593822242497425
dhc7,community_convenience,11793005.273649877,11501668.637844542,TRUE,0.0027781997059434186
HAAY,community_convenience,13681971.6433444,13879541.85936855,FALSE,0.0046294841335165135
QOqC,community_convenience,6178059.408305186,6066195.012722255,FALSE,0.0010035395536993161
VOGn,community_convenience,10241359.642655069,10182434.199168583,FALSE,0.00235444289873312
J4wN,community_convenience,12496888.214372283,12634987.886516392,TRUE,0
KfmU,community_convenience,5548811.608423448,5664293.282293949,FALSE,0.00267936475923659
v3fp,community_convenience,11896672.6377579,12518507.450916858,TRUE,0
KvUw,community_convenience,18363475.24511729,19263723.46350974,TRUE,0.001442360903559595
Jbtb,community_convenience,6018494.477065352,6484498.329146809,TRUE,0
RYwp,community_convenience,16155725.799691787,17087849.69168969,TRUE,0
HqGL,community_convenience,15097297.788858637,14141735.801773308,FALSE,0
YBVv,community_convenience,15110584.425723067,15989729.731546732,TRUE,0
JM3s,community_convenience,16541437.189904049,15503632.894069025,FALSE,0.0021750019671540996
VnEg,community_convenience,11296269.562193777,11825486.10235428,FALSE,0.00287572242335581
rRAV,community_convenience,11948918.575694123,11956306.810730563,FALSE,0.0014026090601278725
r2Gw,community_convenience,7769016.161518853,7780802.082865109,TRUE,0.0011573192071170943
cwo3,community_convenience,13108827.505745623,13643820.757196011,FALSE,0.0035115673424111434
IViH,community_convenience,15941239.760223532,15856773.365526503,TRUE,0.017141966969308555
Sj7v,community_convenience,11915702.357710106,12106197.746588482,TRUE,0.0023228178434109496
OFwq,community_convenience,15564723.830930592,15468969.671331272,FALSE,0.012880212778617575
PtCw,community_convenience,15820000.988944488,16164379.21778322,FALSE,0
T6dI,community_convenience,6761819.589875666,6884170.568495117,FALSE,0.006428213656457652
pKs1,community_convenience,12446446.413413448,12060576.180380076,TRUE,0.0019657676042616696
XTsU,community_convenience,9538174.4971704,9884710.039788913,TRUE,0.0013440788885887437
DV05,community_convenience,10628799.810367296,10287396.891356554,FALSE,0
JXIj,community_convenience,10627254.51873543,11148222.011750668,FALSE,0.0010092977597216993
0biS,community_convenience,7320761.081287144,7572741.028520158,FALSE,0
D7Pd,community_convenience,14680761.91393265,14781513.154888643,FALSE,0.0018851289022345317
3Zhy,community_convenience,8028166.432449501,8022117.487951302,FALSE,0.00266610652588192
y7BB,community_convenience,12988751.363067565,13387440.70486625,TRUE,0.0027052412154343532
SCy6,community_convenience,5135226.415802098,5611635.124351492,FALSE,0
p6y0,community_convenience,9907558.493616868,9253401.436171796,FALSE,0.0011107064260531744
UzRL,community_convenience,10476931.812821323,10680976.651790222,TRUE,0.002054089811361673
Izv0,community_convenience,8891983.101855371,8537890.241818909,FALSE,0
6Xcn,community_convenience,10590939.724165993,11093199.614344291,TRUE,0.003890402407541823
Tozv,community_convenience,15037744.769812195,14778119.242905553,TRUE,0.0021154095980689914
G64B,community_convenience,13355658.953737754,14262684.069690116,FALSE,0.00300179944861111
a0Ue,community_convenience,8437492.011315111,8134199.682676736,TRUE,0
CfYk,community_convenience,10463229.908731109,11120838.563192286,TRUE,0
OpFs,community_convenience,10875948.490980396,10801208.447336704,FALSE,0.004575860169930982
guMc,community_convenience,9877497.181081634,9193203.65543786,FALSE,0.001407433677768533
2e0Z,community_convenience,10750446.540937833,10587031.994872725,FALSE,0.001665577235353006
HbvZ,community_convenience,10176588.034258451,10433817.29444686,FALSE,0
nItr,community_convenience,19281970.97684125,19300770.088884007,TRUE,0.002270732462128544
p4cV,community_convenience,12271196.772646384,12331828.16755464,TRUE,0.0028048943289257127
4DaM,community_convenience,13216269.403328829,13509540.439803634,TRUE,0
w30H,community_convenience,9176436.583627151,9259270.515083587,TRUE,0
Dgr1,community_convenience,12097165.221905902,12660661.874842403,FALSE,0.003031199180576234
hAm9,community_convenience,12262854.681357076,12508005.812475467,FALSE,0
fWhG,community_convenience,12658697.144066565,12353969.645837503,FALSE,0.0011359203521109425
VoBr,community_convenience,11884665.233385466,11152381.935199868,FALSE,0.008696495941410727
6sVH,community_convenience,18675607.906434044,19888082.43798068,FALSE,0
KZBR,community_convenience,4599205.449998766,5009695.481886355,TRUE,0.001965521110824575
fQYC,community_convenience,13205620.775411382,14276902.40740487,TRUE,0.0013682281648806313
vf8N,community_convenience,13150219.052113032,13702582.64292344,TRUE,0
InTR,community_convenience,8713194.636786642,8988398.40063301,TRUE,0.002376980660132474
4NOO,community_convenience,11434756.248531288,11611734.79064503,TRUE,0.005576015930444718
Em0O,community_convenience,8036112.570530557,8677538.763564734,TRUE,0
OSIn,community_convenience,8605487.740019063,9032070.083384342,TRUE,0.002880633858531546
swGf,community_convenience,3852170.0471371566,4039049.7855131156,TRUE,0.0031131931425613154
iCYc,community_convenience,15925233.057488495,15609083.320051286,TRUE,0.0010616862453712368
6aeB,community_convenience,9286977.494707158,9984501.32969622,TRUE,0
SuZw,community_convenience,13428398.230872624,13413470.660119975,FALSE,0.004970376754580939
kiXy,community_convenience,10243093.899166722,9999070.026412934,FALSE,0.0011107610464140187
wAXd,community_convenience,18836222.929790687,19135011.76304009,TRUE,0
62lx,community_convenience,12096860.995930964,11840838.321804293,FALSE,0
6O1P,community_convenience,19602165.216177125,20654011.286983613,TRUE,0
CuEy,community_convenience,11814388.510934677,12246920.018191772,FALSE,0.0017879936781671983
GWwu,community_convenience,16616433.288832331,17314130.32050898,TRUE,0
wIlB,community_convenience,11666725.166159902,11002655.487566067,FALSE,0.0034199473730652614
65VZ,community_convenience,12486026.477430807,12314847.682045836,FALSE,0.0013402234062868043
gFRX,community_convenience,10355204.61336225,10875144.762807958,FALSE,0
ZvA2,community_convenience,11591585.094679248,11851007.514639534,FALSE,0.0014612858074578901
60vk,community_convenience,13840900.8324017,14094671.804022444,FALSE,0.010464261311198693
bNLK,community_convenience,13003563.227883745,13108141.57654154,FALSE,0.0026072252545866815
cdyr,community_convenience,5619767.812914039,6140748.870402404,TRUE,0
dPvR,community_convenience,15720761.651691893,17198171.75454503,TRUE,0.005368962964509322
u1LF,community_convenience,8607618.687958343,8360954.428005464,FALSE,0.009972283132783658
mIFT,community_convenience,14688782.895280976,16041663.79045057,TRUE,0
4E74,community_convenience,10780053.460193299,11173680.736167185,TRUE,0
Ryxn,community_convenience,11475910.826482933,11424562.15598474,FALSE,0.0015349202335839252
XSDE,community_convenience,13116174.831364723,13581248.699703502,TRUE,0.001350238669646837
aGkY,community_convenience,8073823.481277292,7801257.30055989,FALSE,0.0013590212967517616
699z,community_convenience,10979601.53290053,11336248.98111341,FALSE,0.002609183165179337
1b6V,community_convenience,8768072.66305235,9152582.82968429,TRUE,0
BVNa,community_convenience,13710797.294421472,13931473.048715258,FALSE,0
vaol,community_convenience,12432728.828676835,12198905.960912367,FALSE,0.001308408231182678
bXH7,community_convenience,6330707.473763495,6623072.543452577,FALSE,0.007082237797733002
UMhw,community_convenience,10109435.597659113,10712412.08647834,FALSE,0.010597616859177485
Jor2,community_convenience,9109351.44499782,9481437.129628114,FALSE,0.0011101817875908621
rT7e,community_convenience,8884145.572036363,9413199.145963898,TRUE,0
ESsn,community_convenience,11242585.86378076,11682935.921882743,FALSE,0.0014602685783404125
24fE,community_convenience,5065851.50906351,5262483.798438762,TRUE,0.0018661092580439186
aKzh,community_convenience,18449625.46206969,18208440.805641003,TRUE,0.001175714304201317
0lCg,community_convenience,12952515.474337773,12696257.235885255,FALSE,0
kExa,community_convenience,4699458.303928616,4900871.605778706,FALSE,0.010072729024520133
nv4f,community_convenience,8026321.300677118,8061640.992249289,TRUE,0
zF2z,community_convenience,12565095.542195085,11959470.656365698,FALSE,0
8ATd,community_convenience,3608123.611164303,3755594.4451483125,FALSE,0.0011739058857196825
z6h0,community_convenience,9514165.60245447,10055036.118075332,FALSE,0.007862237289056712
lJxC,community_convenience,11153009.805568026,11112709.657057444,TRUE,0
pU6L,community_convenience,15926656.044483485,16172159.104998369,FALSE,0.0020142848105238744
lOS6,community_convenience,17482693.343775257,17715150.69106563,TRUE,0
xzPr,community_convenience,16128190.896571793,16068446.49881256,FALSE,0.004473941962160721
3ggJ,community_convenience,16734960.073924165,16375549.201484839,FALSE,0.0031122237120157757
ddUr,community_convenience,9463686.773074005,10332340.898716487,TRUE,0
9QCy,community_convenience,15423697.864681287,15984294.097521914,TRUE,0
UNqh,community_convenience,11369862.916729704,12129343.929801956,TRUE,0.0019971788602721834
MNBm,community_convenience,18011473.70798395,18667932.79645523,TRUE,0
0vgF,community_convenience,12434705.652636748,13405223.470128605,TRUE,0
fTuI,community_convenience,13728155.00148276,13279980.361463105,TRUE,0
vGRh,community_convenience,12613119.19397875,12881518.734259387,TRUE,0.001231948224687634
tVV3,community_convenience,14219078.01859859,14739277.541839276,TRUE,0
FmCs,community_convenience,12615321.942410126,11949652.60807693,FALSE,0.0031579969757303513
MGaA,community_convenience,9631737.851189034,10162222.957237663,TRUE,0
UxZn,community_convenience,11610654.49485959,11506428.31153716,FALSE,0
ZXl8,community_convenience,22476744.26124681,23168572.128210932,TRUE,0
Onw2,community_convenience,7474405.419643111,7711298.902897849,TRUE,0.004602094152094831
fA78,community_convenience,13060301.434891397,14173119.565877663,TRUE,0.002696848232129077
ODh9,community_convenience,12744554.175801713,13572657.823536707,TRUE,0
LKdP,community_convenience,14932837.920200936,15334829.136788841,TRUE,0
fzuL,city_centre_convenience,456934.6122467562,454014.1085160692,FALSE,0
FJU1,city_centre_convenience,2446766.719096737,2563560.17528038,FALSE,0
He87,city_centre_convenience,5584074.507722225,5341483.382897933,FALSE,0.0028814306312176154
1HZ2,city_centre_convenience,3159952.358617792,3145785.6576713785,FALSE,0.0022663904502372035
jtjP,city_centre_convenience,4274267.45601008,4201897.927554471,FALSE,0.0032963941589063575
5Q81,city_centre_convenience,6929355.829646382,6811811.379267184,TRUE,0.0018176532092259248
7MFW,city_centre_convenience,5201402.504230593,5131043.47194066,FALSE,0.00199280010737123
ZRiK,city_centre_convenience,3481413.5795252784,3573360.5186735583,FALSE,0.0025076635342632624
Cz0v,city_centre_convenience,4594940.483763536,4601964.142627897,FALSE,0.0015260706511039872
pKj8,city_centre_convenience,9621866.420193015,9660274.842912477,FALSE,0
Ei8o,city_centre_convenience,9280691.750180658,9165179.697637383,TRUE,0.0012722186649633406
NRX6,city_centre_convenience,4227366.990717485,4305150.377450089,FALSE,0.008808973372447161
lMui,city_centre_convenience,9137218.115048273,8766437.45907043,TRUE,0.0014315707955613476
CBcC,city_centre_convenience,6759796.300147925,6335756.508819235,FALSE,0.004056430154573852
uJBv,city_centre_convenience,7464435.0784659255,7432167.014196244,FALSE,0.0013778862138440805
Pc2q,city_centre_convenience,3080299.4246889637,3094767.2834456433,FALSE,0.00146236920459861
cSGF,city_centre_convenience,1881929.8001881244,1749866.3180754664,TRUE,0
BeD1,city_centre_convenience,8574704.82682902,8739564.721778728,TRUE,0
f40D,city_centre_convenience,3588158.5943606286,3549717.174452374,TRUE,0.0013366579466178288
K097,city_centre_convenience,3817525.365953035,3485431.4878937313,TRUE,0.0013729139576569328
Avg0,city_centre_convenience,5804506.896857051,5737820.672216771,FALSE,0.0016803187866412442
dpST,city_centre_convenience,1662352.6480836354,1592902.9334003844,TRUE,0
hSG0,city_centre_convenience,6714396.726916728,6930632.0244370615,FALSE,0
1Esv,city_centre_convenience,8566650.886429425,7576466.09726425,TRUE,0.00440195410389205
P9MN,city_centre_convenience,5007123.207760986,4718612.325019358,FALSE,0.0011592747894091464
YJmu,city_centre_convenience,1507498.3671932272,1338185.241601792,FALSE,0
fIpb,city_centre_convenience,3912276.2867903565,3723397.3858466526,FALSE,0.008848981708604953
WaJd,city_centre_convenience,3984145.554007495,3525769.2349156067,TRUE,0
NanI,city_centre_convenience,7855555.789387177,8003121.959951486,FALSE,0
CVAG,city_centre_convenience,7876594.611154739,7224835.408087095,TRUE,0.0013912791390650432
cLjE,city_centre_convenience,5997414.382525462,5705490.052276901,TRUE,0
2ymr,city_centre_convenience,4377019.32066719,4684988.505701004,FALSE,0
VjQA,city_centre_convenience,4931286.745328427,4573364.545519244,TRUE,0
rDvp,city_centre_convenience,6916625.119195844,6910542.55752178,TRUE,0.006973039851984611
7lqA,city_centre_convenience,7260111.663195089,7714117.7451148005,FALSE,0
GyYV,city_centre_convenience,9685908.70219354,9136489.915141318,FALSE,0
gZYG,city_centre_convenience,2539144.9195370455,2453773.9025214575,FALSE,0
4xIB,city_centre_convenience,6186325.048216152,6392813.598552196,TRUE,0
woZs,city_centre_convenience,5898305.200845759,6153320.6900722245,FALSE,0.0013728615514295266
CWF7,city_centre_convenience,1516890.14799076,1516542.3774155914,FALSE,0.0028923404681892736
r3dc,city_centre_convenience,4779164.679096683,4714016.004773375,TRUE,0
B3VK,city_centre_convenience,3995205.010893942,3996865.0315728015,TRUE,0.002125112043211406
ilxF,city_centre_convenience,2643586.8752934886,2691572.6354082585,FALSE,0
BoLQ,city_centre_convenience,5876559.992318672,5785126.870453293,TRUE,0
qTKu,city_centre_convenience,344383.7141762175,354420.74595567124,FALSE,0.0011609201772781509
vSqs,city_centre_convenience,7918538.656845999,7868975.582061368,TRUE,0
3Tfd,city_centre_convenience,9003018.432591692,9439402.136575516,TRUE,0
4Z4c,city_centre_convenience,8375139.754812849,8734425.31660821,FALSE,0.00121788187835754
WcWf,city_centre_convenience,7515937.183850464,8008723.627375489,FALSE,0.0032887012946681404
Ujtq,city_centre_convenience,5871680.180701843,5902733.451917277,FALSE,0
c8F0,city_centre_convenience,5661901.612540588,5668428.364348254,FALSE,0.0016319975092489005
X3IG,city_centre_convenience,5009388.821805766,4619852.652869996,TRUE,0.003117101561699936
T57D,city_centre_convenience,3527607.1503391396,3182180.5928007346,TRUE,0
SsXv,city_centre_convenience,5776186.231446986,6091783.028650761,TRUE,0
EhWe,city_centre_convenience,7109492.312897413,6540552.529211288,FALSE,0.002271633089950262
GpG7,city_centre_convenience,2348824.071603208,2177372.2839763444,TRUE,0
PtgF,city_centre_convenience,4689589.719191645,4211340.783680184,TRUE,0
PbZX,city_centre_convenience,4483560.32749015,4070694.4368669842,TRUE,0
pNOe,city_centre_convenience,6006597.206128351,6194115.881460879,FALSE,0.0018956362418300252
SqhG,city_centre_convenience,3302575.250929714,3284628.4861400314,FALSE,0
6lhj,city_centre_convenience,7633715.640896693,7205919.974061704,FALSE,0
IS70,city_centre_convenience,4110176.746032081,4130049.586133902,FALSE,0.0013946321036880872
2OEc,city_centre_convenience,8423322.619889842,8573917.656540064,FALSE,0
7J7O,city_centre_convenience,4087699.870727197,4005623.92467979,TRUE,0.0010276142460486136
wd6M,city_centre_convenience,8266910.210386993,7829571.3100093715,FALSE,0
qmhk,city_centre_convenience,4489827.863749556,4168271.131645939,TRUE,0.0011098209820739507
BqGM,city_centre_convenience,6850113.614824323,6398036.3283257745,TRUE,0.0017994746941259524
LGZs,city_centre_convenience,5943393.917645591,5816656.54890237,FALSE,0.007040376677981647
Mhnh,city_centre_convenience,5062047.060388351,5090750.691879795,FALSE,0.0014226213489064742
Nc0R,city_centre_convenience,9003465.573581118,8442612.38639905,TRUE,0
Sg17,city_centre_convenience,5718307.636739116,5448443.934609461,FALSE,0.007738632761255099
p9EB,city_centre_convenience,6304254.306250355,6311299.5368600935,FALSE,0.0013186115208676766
8gHx,city_centre_convenience,4942072.62361686,4875549.668348971,TRUE,0.0011428381839165712
it1z,city_centre_convenience,4328772.4119432615,4102284.802501301,TRUE,0.0022258957527481605
bZAb,city_centre_convenience,10886574.28443604,10916463.10844876,FALSE,0.002502526124052653
Uqku,city_centre_convenience,4780192.211577785,4709349.400180383,TRUE,0.0042415874143430995
i2vA,city_centre_convenience,5621399.490583247,5359496.599620297,TRUE,0.0014338664888782111
YUEf,city_centre_convenience,6074462.31108301,6051176.096603275,TRUE,0
zCNO,city_centre_convenience,5693408.980824512,5594718.330747759,TRUE,0
n6pl,city_centre_convenience,8832657.770369515,9388924.41610905,FALSE,0
favn,city_centre_convenience,2641247.2110091876,2563739.1542316373,TRUE,0.0010729741754510387
Po6O,city_centre_convenience,4463606.645812544,4698108.368039207,FALSE,0.0020977489280846503
M2IG,city_centre_convenience,2708563.855207239,2627744.6020330368,FALSE,0.0010349019150478025
cgAz,city_centre_convenience,3679585.5813259142,3934314.6448807577,FALSE,0.002976851682520346
k27F,city_centre_convenience,6470747.739643697,6333387.807170467,TRUE,0.0018131437422639607
xkvf,city_centre_convenience,7343881.9188102055,7545821.073009333,FALSE,0.0032759771387164327
KhYP,city_centre_convenience,12621648.973360354,11731809.923516361,FALSE,0.00731711631378361
LY7o,city_centre_convenience,6492717.548492453,6229818.607144594,FALSE,0
0AUC,city_centre_convenience,4586269.770291521,4020560.482922089,TRUE,0.00241664779541811
Uxw2,city_centre_convenience,2992741.769082909,2830218.381089811,TRUE,0.0016408391508364335
1KFw,city_centre_convenience,6254393.536908157,6049280.464617631,FALSE,0
oIdL,city_centre_convenience,7551941.891288243,7504086.864569941,FALSE,0
YGGg,city_centre_convenience,4278511.9402645985,3998794.243560282,TRUE,0
ZfPS,city_centre_convenience,5919135.1962454505,5789253.465235505,FALSE,0.001231554336527501
X7HF,city_centre_convenience,5864003.183516328,5206034.610895081,TRUE,0.001432787715845247
sqrs,city_centre_convenience,4341747.105838089,4130373.6975637004,FALSE,0.0011591911661459893
uKMX,city_centre_convenience,7181328.871041534,6821903.291514719,FALSE,0.002767270529939626
NEMb,city_centre_convenience,2099348.823932126,2009513.3187327539,TRUE,0
urN9,city_centre_convenience,10393675.487315977,10130184.118651303,TRUE,0.0032286484202032908
X6ef,city_centre_convenience,5406747.930976537,5692871.528433815,FALSE,0
knOc,city_centre_convenience,6306861.830133723,6135581.927610432,TRUE,0
zfAB,city_centre_convenience,5534261.45181263,5572509.393143385,FALSE,0.00406577782818126
4oW7,city_centre_convenience,2313460.185043595,2326566.7648011716,FALSE,0
xUWZ,city_centre_convenience,6710145.543539314,6188437.890235568,TRUE,0.0033217996837846646
XNnq,city_centre_convenience,5006724.23736169,4996962.83408793,FALSE,0
SdXp,city_centre_convenience,2955021.76780226,3044799.0502961497,FALSE,0.004255383969929078
slXr,city_centre_convenience,6200059.941647904,5978456.801989218,TRUE,0.0013584701539461732
Edee,city_centre_convenience,1091870.3162826719,1054570.6551194713,TRUE,0.0021526667113836236
8j4H,city_centre_convenience,9109766.206953598,9305367.055595797,FALSE,0
RS88,city_centre_convenience,3219150.699844913,3264487.824597712,FALSE,0.004615432625875789
iFR8,city_centre_convenience,4986204.919378312,5474054.3658085875,FALSE,0
DuwP,city_centre_convenience,9938950.10216353,10169159.635123013,TRUE,0
S2vD,city_centre_convenience,2061968.0708768223,1866633.623766237,TRUE,0.0010652310248086489
SeNE,city_centre_convenience,9480920.84615879,9268246.649617257,TRUE,0
eEqM,city_centre_convenience,7248935.326283779,6787544.070680184,TRUE,0
zM9X,city_centre_convenience,7022386.8972998895,6888870.516458782,FALSE,0.016262559034913915
QEr0,city_centre_convenience,669858.4252144787,692388.3783561043,FALSE,0.011150702446144578
dNQg,city_centre_convenience,4707836.8123115525,4951199.295746716,FALSE,0.0015513627566181932
5kOZ,city_centre_convenience,2171946.7490989873,2084826.4435739096,TRUE,0.0010439996893066544
Q2SF,city_centre_convenience,3643484.0673919,3296253.6666880217,TRUE,0.007542418410445664
w3J0,city_centre_convenience,6336223.574226964,6403301.094398622,FALSE,0.006751642052657268
34g5,city_centre_convenience,3256702.9227414513,2979337.8245932073,TRUE,0
SIPV,city_centre_convenience,7957252.2483132,7543323.769076194,FALSE,0.0031582859128310805
j30T,city_centre_convenience,5394445.779590533,5304184.922601082,FALSE,0.0016405565007381402
H3RX,city_centre_convenience,1784219.2520597791,1584726.042339639,TRUE,0
jqOh,city_centre_convenience,7370895.180160023,7528028.823569774,FALSE,0.0010194269938936572
9reW,city_centre_convenience,3880418.51580271,3672310.4843032854,TRUE,0.0011469562905230119
VMXD,city_centre_convenience,2923089.93371294,2860029.6978685367,FALSE,0.0011992594685153344
s6Il,city_centre_convenience,8200996.844579014,8268004.393844134,FALSE,0.012177838857185734
6h6w,city_centre_convenience,6041620.482421727,5789991.403668315,TRUE,0.0016586242943437194
9O5e,city_centre_convenience,6471804.497111559,6081875.832924136,TRUE,0
T1xA,city_centre_convenience,6037879.987998441,5530406.122291915,TRUE,0
SYmC,city_centre_convenience,3667787.0674805376,3573884.8492693803,TRUE,0.00313921682385224
8HPC,city_centre_convenience,5320850.346396211,5208917.709296173,FALSE,0
iZMX,city_centre_convenience,4855076.457285382,4961457.506284819,FALSE,0
mikt,city_centre_convenience,3774398.8729124432,3724828.2790023074,TRUE,0.001976432394291939
GSD8,city_centre_convenience,1577894.4566632786,1481552.954760064,TRUE,0.003360385847043455
zdQo,city_centre_convenience,6433839.348891978,6782427.63368174,FALSE,0.0020462566630469192
VUTr,city_centre_convenience,3736136.6148304204,3630553.5387467076,FALSE,0.0038454654060336526
HUAr,city_centre_convenience,8546543.449404573,8602065.022600282,TRUE,0
77oC,city_centre_convenience,7695241.717789212,7335978.720401541,FALSE,0.004645264892436195
Arkw,city_centre_convenience,4577164.481795578,4110338.2481414853,TRUE,0
v9si,city_centre_convenience,6058933.46054476,5899424.95127214,FALSE,0.0013720805173486458
RKIT,city_centre_convenience,7555252.695533981,7521512.12536929,FALSE,0.0046294841335165135
8xUw,city_centre_convenience,4609638.280318301,4476430.495528992,FALSE,0.0010035395536993161
PDYR,city_centre_convenience,13102846.83979849,12821029.295523884,TRUE,0.0011401817708886742
GWj9,city_centre_convenience,6646082.328095508,6525371.747407834,TRUE,0.0010952004935727215
l8rQ,city_centre_convenience,5057060.752939999,4634315.499861089,TRUE,0.0022220196203329738
zGZD,city_centre_convenience,5409348.50410143,5131214.454947882,FALSE,0.0027421455860883125
HFT8,city_centre_convenience,5186359.146499583,5548675.172623246,FALSE,0.0014950725912811391
3VYT,city_centre_convenience,8523201.297364643,8339369.609930145,FALSE,0.0017075575529752333
KLeG,city_centre_convenience,8354504.517872084,8130004.32175275,TRUE,0
Oe56,city_centre_convenience,5602063.403762788,5814628.068720721,FALSE,0
Vi5f,city_centre_convenience,4903020.1041736,4716656.459605688,FALSE,0.004610988132601924
oH21,city_centre_convenience,6707152.994699309,6555984.755813471,TRUE,0.001607074326463228
RSf2,city_centre_convenience,3895939.338580439,3830981.309901954,FALSE,0.00287572242335581
3eue,city_centre_convenience,5412867.692359163,5502339.146039012,FALSE,0.0014026090601278725
B9IV,city_centre_convenience,4838939.937018653,4824338.220753241,TRUE,0.005483972831947212
ZGMW,city_centre_convenience,2126028.820848038,2111378.2459561653,FALSE,0.0035115673424111434
9Ee6,city_centre_convenience,3970129.5954704303,4097162.754791642,FALSE,0.0012810180828001442
IIhY,city_centre_convenience,2769123.1923815915,2672488.2047363026,TRUE,0
JDAe,city_centre_convenience,7583851.266582497,6937006.971376021,TRUE,0
SWkb,superstore,17118805.667876806,17759442.521305542,TRUE,0
auTR,superstore,63415814.422469296,67704964.06852603,TRUE,0.001442360903559595
1gvl,superstore,4495777.3164623,4384289.711447804,TRUE,0
ULC9,superstore,35184811.90629661,37785239.76280093,TRUE,0
QubN,superstore,32186499.900311723,35237098.931451745,TRUE,0
3hld,superstore,40122171.793533325,40774401.299524546,TRUE,0
bmsi,superstore,27726373.324488375,28895522.770855393,TRUE,0
pDIx,superstore,65959575.660075314,67288639.48152563,FALSE,0.0018851289022345317
J39N,superstore,31094046.665136877,30424048.09222539,TRUE,0.0019672340337745903
MZpi,superstore,33246223.45861688,33405457.990933836,FALSE,0.0013788227615770122
xfpE,superstore,47922162.345977105,47429012.14224628,FALSE,0
2WnZ,superstore,42132974.06664821,43616235.02653641,TRUE,0.017141966969308555
qVjr,superstore,35290059.51214619,33403763.39391199,FALSE,0.002510714868566349
CnrS,superstore,30770260.879987974,32325550.292282347,TRUE,0.003131899848320108
lSk4,superstore,29944627.00485741,30234341.492943518,TRUE,0
LTnD,superstore,16364609.029099597,15840829.983046703,FALSE,0
XPTY,superstore,41223765.41743882,42706530.04451091,TRUE,0.0019657676042616696
vFm1,superstore,38791291.47458507,36970422.9965368,FALSE,0
0eKM,superstore,19993088.854738068,19858341.868278783,FALSE,0.039476001337795524
49i6,superstore,30545024.555779397,30555772.658658836,FALSE,0.004575860169930982
Kwof,superstore,50169818.220090926,50306606.353730455,TRUE,0
gXV6,superstore,49987379.16605754,51802288.81592864,TRUE,0
SrMw,superstore,17911001.03421464,18373276.99625196,FALSE,0
Ze8G,superstore,43536952.43023132,44861545.88468114,TRUE,0.0027052412154343532
knLe,superstore,34586082.68647484,33779179.32371947,FALSE,0.0016737007222992696
EGNE,superstore,38014260.18809075,36715015.50616552,FALSE,0
yv2e,superstore,22048405.896245483,22074521.763381902,FALSE,0
MKX3,superstore,30293129.585966434,32107358.673285834,TRUE,0
I9LH,superstore,8670925.070497137,9277698.169294033,TRUE,0.003890402407541823
e3a5,superstore,23662402.332362585,23392758.393636756,FALSE,0.0011359203521109425
FliX,superstore,29032257.657097425,32114840.87886065,TRUE,0
Z7kg,superstore,50392891.45526872,54116069.93344999,TRUE,0
51Dz,superstore,19819820.571234107,20288470.206160072,TRUE,0
Qvpu,superstore,36871249.61926878,36795283.086869985,FALSE,0.007985734146767834
Il9J,superstore,34107629.97860455,35217713.829484634,TRUE,0
mlgO,superstore,16267583.63751859,18047443.14176605,TRUE,0
6Vyj,superstore,36619240.04206699,40334444.656766996,FALSE,0
vW5e,superstore,54253750.425629795,56570892.34140034,FALSE,0.003127220633309473
zm29,superstore,45407395.367858395,44163093.402759664,FALSE,0.001995378879064553
XI7G,superstore,48022465.22593096,49669041.65116489,FALSE,0.00641007772154999
LAMC,superstore,30209134.742674764,29982066.81374597,TRUE,0
cr8i,superstore,45649554.12691207,44337693.62269576,FALSE,0.0018634264605226806
0gSo,superstore,5556553.8651338555,5752507.232223612,TRUE,0
EXal,superstore,17537841.861075625,16338331.484094212,FALSE,0.0011107610464140187
CRmr,superstore,30703421.68420551,32279094.542372186,FALSE,0.0011603080899371873
Vtj6,superstore,34348140.85733717,39009841.13260125,TRUE,0
9SPb,superstore,39715776.77012483,39945318.12289623,FALSE,0
dESc,superstore,42453635.035818204,42549571.12653544,FALSE,0.0017879936781671983
ww1E,superstore,27107865.85970342,27783296.57244048,TRUE,0
m5V6,superstore,26837698.51346817,26632912.705637574,TRUE,0.002376980660132474
prSA,superstore,28494702.412750956,29956195.87061443,TRUE,0.005576015930444718
0mfd,superstore,25842237.668224644,25108710.230614875,FALSE,0
Pk93,superstore,31343415.488912206,31010162.38483171,TRUE,0.002880633858531546
F8WI,superstore,44558927.047696546,46773422.84494074,FALSE,0.010464261311198693
zHZb,superstore,39004359.608765386,39304790.288553976,FALSE,0.0026072252545866815
AVyO,superstore,27364868.362794735,28784976.0055675,FALSE,0.002187039836454546
KrCl,superstore,24233330.150589854,24572453.496297117,FALSE,0.0047785239272284535
6bFY,superstore,31602482.123380844,31065988.44955975,TRUE,0
yfoo,superstore,30281524.63635365,31231794.110088352,TRUE,0
ltYG,superstore,49231273.51291348,48865805.41938905,TRUE,0
bPio,superstore,6531732.311891419,6679233.937575696,FALSE,0.0015349202335839252
auYs,superstore,20833289.8795291,20111573.606825344,FALSE,0.0011554966302771681
pVQw,superstore,41106488.31337111,41990508.306625254,TRUE,0
bIB2,superstore,41660480.19191047,42065164.03797734,FALSE,0.002609183165179337
wXuc,superstore,24741613.14684307,23691625.955823217,FALSE,0.0010282036948851443
24P2,superstore,30272154.548777834,27339921.868802473,FALSE,0
hVgj,superstore,57296566.34408246,62471965.350791246,TRUE,0.0014670100135102222
mnKc,superstore,19345591.814762317,20074230.037986383,FALSE,0.007082237797733002
7Bcb,superstore,57025675.34170629,63793581.71751793,TRUE,0
3hj1,superstore,37071317.91175467,39196074.057040185,FALSE,0.0011101817875908621
lM1w,superstore,46901066.43927846,47449656.26380798,TRUE,0.005368962964509322
pBPN,superstore,26282164.487411086,26877248.908923585,TRUE,0.0013969704635937808
FjfI,superstore,19093014.786909096,19412492.384209495,FALSE,0.0014714206934262205
trw2,superstore,38142950.233898215,40060574.56679821,TRUE,0
7uKI,superstore,38447606.444208205,38859778.841731615,FALSE,0
Y8WX,superstore,27542591.87399638,27965703.67188944,FALSE,0.010072729024520133
KT0R,superstore,21990608.642525848,21950862.559250016,TRUE,0
OM7b,superstore,50345556.33474052,46665981.90417561,FALSE,0
VaCy,superstore,16572981.536854774,15923493.25282383,FALSE,0.0011739058857196825
SyEM,superstore,52138979.468857095,50768057.76445984,FALSE,0.007862237289056712
LYLa,superstore,25435137.114829518,26432864.67831396,TRUE,0.0012839938247896467
uRlr,superstore,10514650.265391583,10494281.069800979,TRUE,0.0024053114793086733
PZ6a,superstore,62758503.95492181,63216366.00776185,TRUE,0
qY4E,superstore,37885735.84605553,37608709.76756278,FALSE,0.004473941962160721
7xDN,superstore,19693708.736630153,20386733.7460802,TRUE,0
A2B6,superstore,28169488.443185247,28580209.082730908,FALSE,0.0025167559846140685
tBSo,superstore,22984837.159944165,24120101.052207913,FALSE,0.007262283737871988
EdkH,superstore,37047370.751108125,39376966.06762173,FALSE,0.009181837544922909
Z16T,superstore,34678489.0614094,34729776.325818576,FALSE,0.0020878083531779804
HSh0,superstore,17685415.806260765,18144074.177227233,FALSE,0.001349370782716607
yJwf,superstore,36277804.472593985,37600563.76242448,TRUE,0
n8UB,superstore,24458220.017740298,24192878.77299809,FALSE,0.0023572081753859947
2sEO,superstore,41267545.772974335,44265850.5117436,TRUE,0.0014206994409749422
Pvgo,superstore,40854813.710961215,41827356.49855489,TRUE,0.0016253158476796455
WcWg,superstore,32506134.263933264,34542861.73894453,TRUE,0
xWeV,superstore,23046663.03731933,22393400.454463113,TRUE,0
O1Kt,superstore,26976991.838119548,28344411.290475942,TRUE,0
X6CP,superstore,20364023.71021566,20493100.272369005,FALSE,0
uRNn,superstore,43963111.081734784,47208751.4799601,TRUE,0.003570324628530284
IXBj,superstore,51093964.37350305,52924600.75056247,FALSE,0
pM6J,superstore,33590934.51168389,34225787.06761728,FALSE,0
Jacj,superstore,37333582.6122548,38740433.96266899,TRUE,0.0019971788602721834
SZbZ,superstore,30268826.829979107,31306481.71253802,TRUE,0
5iKP,superstore,35780305.30962061,35078309.60590144,FALSE,0.0028814306312176154
2ACj,superstore,58380633.89674298,59777755.99130663,TRUE,0
sFbp,superstore,36346476.12476969,37299532.07572032,FALSE,0.0032963941589063575
XtAp,superstore,50825997.59321158,52553466.84634967,FALSE,0
HN9F,superstore,36163420.23482381,37820920.60938724,TRUE,0.0031724434947660953
